{
  "todos": {
    "Coordinator": {
      "1": {
        "id": "1",
        "content": "Create GitHub repository structure and organize all files",
        "details": "1. Create proper GitHub repository structure with README, requirements.txt, and all source code\n2. Organize files into appropriate directories (src/, examples/, docs/, etc.)\n3. Add GitHub-specific files (.gitignore, LICENSE, CHANGELOG.md)\n4. Create proper Python package structure with __init__.py files\n5. Ensure all dependencies are properly listed in requirements.txt",
        "status": "completed",
        "priority": "high"
      },
      "2": {
        "id": "2",
        "content": "Create GitHub Actions workflow for automated testing and deployment",
        "details": "1. Set up GitHub Actions workflow for CI/CD\n2. Add workflow to test the TTS system on different Python versions\n3. Create workflow for deploying to cloud platforms (Hugging Face Spaces, Streamlit Cloud, etc.)\n4. Add automated testing for all TTS models\n5. Set up code quality checks (linting, formatting)",
        "status": "completed",
        "priority": "high"
      },
      "3": {
        "id": "3",
        "content": "Deploy Gradio interface to cloud platform",
        "details": "1. Choose deployment platform (Hugging Face Spaces recommended for TTS)\n2. Configure deployment settings and requirements\n3. Test deployment with all three TTS models\n4. Set up domain and make publicly accessible\n5. Verify all features work in deployed environment",
        "status": "completed",
        "priority": "high"
      },
      "4": {
        "id": "4",
        "content": "Create deployment documentation and setup guides",
        "details": "1. Create comprehensive README with GitHub repository info\n2. Write installation and setup instructions\n3. Document all deployment options (local, cloud, GitHub Pages)\n4. Add troubleshooting section for common deployment issues\n5. Create video demonstration of the deployed system",
        "status": "completed",
        "priority": "medium"
      },
      "5": {
        "id": "5",
        "content": "Set up GitHub repository with proper metadata and documentation",
        "details": "1. Add repository description, topics, and badges\n2. Create detailed issue and PR templates\n3. Set up GitHub Pages if needed for documentation\n4. Add contribution guidelines and code of conduct\n5. Configure repository settings for public access",
        "status": "completed",
        "priority": "medium"
      }
    }
  }
}