{
  "_source_id": 10,
  "sources": {
    "Hugging Face Datasets Library Research": {
      "https://huggingface.co/docs/datasets/en/index": {
        "id": 1,
        "publisher": "Hugging Face",
        "url": "https://huggingface.co/docs/datasets/en/index",
        "title": "Datasets - Hugging Face Documentation",
        "info": "Comprehensive overview of Datasets library features, Apache Arrow backend, data streaming capabilities, and integration with Hugging Face Hub for easy dataset access and sharing"
      },
      "https://huggingface.co/docs/datasets/en/loading": {
        "id": 2,
        "publisher": "Hugging Face",
        "url": "https://huggingface.co/docs/datasets/en/loading",
        "title": "Dataset Loading Methods",
        "info": "Detailed documentation on loading datasets from Hub, local/remote files, multiprocessing, split slicing, and various file formats (CSV, JSON, Parquet, Arrow, HDF5, SQL)"
      },
      "https://huggingface.co/blog/audio-datasets": {
        "id": 3,
        "publisher": "Hugging Face",
        "url": "https://huggingface.co/blog/audio-datasets",
        "title": "A Complete Guide to Audio Datasets",
        "info": "Complete guide to audio dataset processing including Audio class for resampling, map() for preprocessing, filter() for data filtering, and streaming mode for memory efficiency"
      },
      "https://huggingface.co/datasets/keithito/lj_speech": {
        "id": 4,
        "publisher": "Hugging Face",
        "url": "https://huggingface.co/datasets/keithito/lj_speech",
        "title": "LJ Speech Dataset",
        "info": "LJ Speech dataset with 13,100 English audio clips (23+ hours), single speaker, 22050Hz WAV files, public domain licensing, with transcription and normalization details"
      },
      "https://huggingface.co/docs/datasets/en/audio_process": {
        "id": 5,
        "publisher": "Hugging Face",
        "url": "https://huggingface.co/docs/datasets/en/audio_process",
        "title": "Process Audio Data Documentation",
        "info": "Comprehensive guide to audio processing with Audio class, cast_column() for resampling, map() function for batch preprocessing, and integration with transformers library for ASR and TTS"
      },
      "https://huggingface.co/docs/datasets/en/audio_dataset": {
        "id": 6,
        "publisher": "Hugging Face",
        "url": "https://huggingface.co/docs/datasets/en/audio_dataset",
        "title": "Create an Audio Dataset Documentation",
        "info": "AudioFolder dataset builder for no-code audio dataset creation, WebDataset format support, and methods for creating and sharing audio datasets"
      },
      "https://keithito.com/LJ-Speech-Dataset": {
        "id": 7,
        "publisher": "Keith Ito",
        "url": "https://keithito.com/LJ-Speech-Dataset",
        "title": "LJ Speech Dataset Original Website",
        "info": "Original LJ Speech dataset details including metadata file structure, statistics, training code examples, and technical specifications"
      },
      "https://medium.com/@kevinnjagi83/exploring-audio-data-with-hugging-face-datasets-and-transformers-691f5d08ba7a": {
        "id": 8,
        "publisher": "Medium",
        "url": "https://medium.com/@kevinnjagi83/exploring-audio-data-with-hugging-face-datasets-and-transformers-691f5d08ba7a",
        "title": "Exploring Audio Data with Hugging Face Datasets and Transformers",
        "info": "Practical tutorial on audio data processing with datasets and transformers, covering streaming mode, visualization with librosa, and Wav2Vec2 ASR model integration"
      },
      "https://huggingface.co/datasets/facebook/multilingual_librispeech": {
        "id": 9,
        "publisher": "Hugging Face",
        "url": "https://huggingface.co/datasets/facebook/multilingual_librispeech",
        "title": "Multilingual LibriSpeech Dataset",
        "info": "Large multilingual ASR corpus with 50.5K hours across 8 languages, FLAC format, structured data with speaker info, and comprehensive splits and statistics"
      },
      "https://stt.readthedocs.io/en/latest/COMMON_VOICE_DATA.html": {
        "id": 10,
        "publisher": "Mozilla Foundation",
        "url": "https://stt.readthedocs.io/en/latest/COMMON_VOICE_DATA.html",
        "title": "Common Voice Training Data Documentation",
        "info": "Detailed documentation of Common Voice dataset structure with TSV metadata files, MP3 audio format, and preprocessing requirements for speech recognition"
      }
    }
  }
}